id1,id2
Discrete mathematics,ASCII
Discrete mathematics,Abstract algebra
Discrete mathematics,Affine space
Discrete mathematics,Alan Turing
Discrete mathematics,Alan Turing: The Enigma
Discrete mathematics,Algebra
Discrete mathematics,Algebra of physical space
Discrete mathematics,Algebraic coding theory
Discrete mathematics,Algebraic geometry
Discrete mathematics,Algebraic graph theory
Discrete mathematics,Algebraic number theory
Discrete mathematics,Algebraic structure
Discrete mathematics,Algebraic structures
Discrete mathematics,Algebraic topology
Discrete mathematics,Algebraic variety
Discrete mathematics,Algorithm
Discrete mathematics,Algorithm design
Discrete mathematics,Alternating group
Discrete mathematics,Analog coding
Discrete mathematics,Analog encryption
Discrete mathematics,Analog signal
Discrete mathematics,Analysis
Discrete mathematics,Analysis (mathematics)
Discrete mathematics,Analysis of algorithms
Discrete mathematics,Analytic combinatorics
Discrete mathematics,Analytic geometry
Discrete mathematics,Analytic number theory
Discrete mathematics,Analytical mechanics
Discrete mathematics,Andrew Clive Simpson
Discrete mathematics,Andrew Hodges
Discrete mathematics,Applied mathematics
Discrete mathematics,Approximation theory
Discrete mathematics,Areas of mathematics
Discrete mathematics,Arithmetic
Discrete mathematics,Arithmetic geometry
Discrete mathematics,Association for Computing Machinery
Discrete mathematics,Asymptotic analysis
Discrete mathematics,Automata theory
Discrete mathematics,Automated theorem proving
Discrete mathematics,Axioms
Discrete mathematics,Bijection
Discrete mathematics,Binary numeral system
Discrete mathematics,Bioinformatics
Discrete mathematics,Bletchley Park
Discrete mathematics,Bojan Mohar
Discrete mathematics,Boolean algebra (logic)
Discrete mathematics,Bosonic string theory
Discrete mathematics,Calculus
Discrete mathematics,Calculus of finite differences
Discrete mathematics,Calculus of variations
Discrete mathematics,Cardinality
Discrete mathematics,Carsten Thomassen (mathematician)
Discrete mathematics,Category theory
Discrete mathematics,Category:Fields of mathematics
Discrete mathematics,Category:Mathematics
Discrete mathematics,Chaos theory
Discrete mathematics,Classical field theory
Discrete mathematics,Clay Mathematics Institute
Discrete mathematics,Clifford algebra
Discrete mathematics,Clifford analysis
Discrete mathematics,Coding theory
Discrete mathematics,Cold War
Discrete mathematics,Colossus computer
Discrete mathematics,Combinations
Discrete mathematics,Combinatorial design
Discrete mathematics,Combinatorial topology
Discrete mathematics,Combinatorics
Discrete mathematics,Commutative algebra
Discrete mathematics,Completeness (logic)
Discrete mathematics,Complex analysis
Discrete mathematics,Complexity class
Discrete mathematics,Computability
Discrete mathematics,Computational complexity theory
Discrete mathematics,Computational geometry
Discrete mathematics,Computational linguistics
Discrete mathematics,Computational mathematics
Discrete mathematics,Computational number theory
Discrete mathematics,Computational statistics
Discrete mathematics,Computer algebra
Discrete mathematics,Computer algorithm
Discrete mathematics,Computer graphics (computer science)
Discrete mathematics,Computer image analysis
Discrete mathematics,Computer science
Discrete mathematics,Computer-aided design
Discrete mathematics,Concrete Mathematics
Discrete mathematics,Conformal field theory
Discrete mathematics,Consistency
Discrete mathematics,Consistent
Discrete mathematics,Constraint programming
Discrete mathematics,Constraint satisfaction problem
Discrete mathematics,Continuous function
Discrete mathematics,Continuous graph
Discrete mathematics,Continuous modelling
Discrete mathematics,Control theory
Discrete mathematics,Countable set
Discrete mathematics,Cryptanalysis
Discrete mathematics,Cryptography
Discrete mathematics,Cyberchase
Discrete mathematics,Data
ASCII,Binary numeral system
Abstract algebra,Affine space
Abstract algebra,Algebra
Abstract algebra,Algebraic geometry
Abstract algebra,Algebraic number theory
Abstract algebra,Algebraic structure
Abstract algebra,Algebraic topology
Abstract algebra,Algebraic variety
Abstract algebra,Analytic geometry
Abstract algebra,Analytic number theory
Abstract algebra,Applied mathematics
Abstract algebra,Arithmetic
Abstract algebra,Arithmetic geometry
Abstract algebra,Calculus
Abstract algebra,Category theory
Abstract algebra,Category:Fields of mathematics
Abstract algebra,Coding theory
Abstract algebra,Combinatorics
Abstract algebra,Commutative algebra
Abstract algebra,Complex analysis
Abstract algebra,Computational complexity theory
Abstract algebra,Computational mathematics
Abstract algebra,Computer algebra
Abstract algebra,Computer science
Abstract algebra,Control theory
Abstract algebra,Discrete mathematics
Affine space,Algebraic geometry
Affine space,Analytic geometry
Affine space,Bijection
Alan Turing,Alan Turing: The Enigma
Alan Turing,Algorithm
Alan Turing,Andrew Hodges
Alan Turing,Bletchley Park
Alan Turing,Calculus
Alan Turing,Colossus computer
Alan Turing,Computer science
Alan Turing,Cryptanalysis
Alan Turing: The Enigma,Alan Turing
Alan Turing: The Enigma,Andrew Hodges
Alan Turing: The Enigma,Cryptanalysis
Algebra,Abstract algebra
Algebra,Affine space
Algebra,Algebraic geometry
Algebra,Algebraic number theory
Algebra,Algebraic structure
Algebra,Algebraic structures
Algebra,Algebraic topology
Algebra,Algebraic variety
Algebra,Analytic geometry
Algebra,Analytic number theory
Algebra,Applied mathematics
Algebra,Arithmetic
Algebra,Arithmetic geometry
Algebra,Calculus
Algebra,Category theory
Algebra,Category:Fields of mathematics
Algebra,Clifford algebra
Algebra,Coding theory
Algebra,Combinatorics
Algebra,Commutative algebra
Algebra,Complex analysis
Algebra,Computational complexity theory
Algebra,Computational mathematics
Algebra,Computer algebra
Algebra,Computer science
Algebra,Control theory
Algebra,Discrete mathematics
Algebra of physical space,Algebra
Algebra of physical space,Algebraic structures
Algebra of physical space,Algorithm
Algebra of physical space,Algorithm design
Algebra of physical space,Analysis of algorithms
Algebra of physical space,Analytical mechanics
Algebra of physical space,Applied mathematics
Algebra of physical space,Approximation theory
Algebra of physical space,Automata theory
Algebra of physical space,Automated theorem proving
Algebra of physical space,Bosonic string theory
Algebra of physical space,Calculus of variations
Algebra of physical space,Category:Mathematics
Algebra of physical space,Chaos theory
Algebra of physical space,Classical field theory
Algebra of physical space,Clifford algebra
Algebra of physical space,Clifford analysis
Algebra of physical space,Coding theory
Algebra of physical space,Combinatorics
Algebra of physical space,Computational geometry
Algebra of physical space,Computational mathematics
Algebra of physical space,Computational number theory
Algebra of physical space,Computational statistics
Algebra of physical space,Computer algebra
Algebra of physical space,Conformal field theory
Algebra of physical space,Constraint programming
Algebra of physical space,Constraint satisfaction problem
Algebra of physical space,Control theory
Algebra of physical space,Cryptography
Algebra of physical space,Discrete mathematics
Algebraic coding theory,Algebra of physical space
Algebraic coding theory,Algebraic structures
Algebraic coding theory,Algorithm
Algebraic coding theory,Algorithm design
Algebraic coding theory,Analog signal
Algebraic coding theory,Analysis of algorithms
Algebraic coding theory,Analytical mechanics
Algebraic coding theory,Applied mathematics
Algebraic coding theory,Approximation theory
Algebraic coding theory,Automata theory
Algebraic coding theory,Automated theorem proving
Algebraic coding theory,Bosonic string theory
Algebraic coding theory,Calculus of variations
Algebraic coding theory,Category:Mathematics
Algebraic coding theory,Chaos theory
Algebraic coding theory,Classical field theory
Algebraic coding theory,Clifford algebra
Algebraic coding theory,Clifford analysis
Algebraic coding theory,Combinatorics
Algebraic coding theory,Computational geometry
Algebraic coding theory,Computational mathematics
Algebraic coding theory,Computational number theory
Algebraic coding theory,Computational statistics
Algebraic coding theory,Computer algebra
Algebraic coding theory,Computer science
Algebraic coding theory,Conformal field theory
Algebraic coding theory,Constraint programming
Algebraic coding theory,Constraint satisfaction problem
Algebraic coding theory,Control theory
Algebraic coding theory,Cryptography
Algebraic coding theory,Discrete mathematics
Algebraic geometry,Abstract algebra
Algebraic geometry,Affine space
Algebraic geometry,Algebra
Algebraic geometry,Algebraic number theory
Algebraic geometry,Algebraic topology
Algebraic geometry,Algebraic variety
Algebraic geometry,Algorithm
Algebraic geometry,Analytic geometry
Algebraic geometry,Analytic number theory
Algebraic geometry,Applied mathematics
Algebraic geometry,Arithmetic
Algebraic geometry,Arithmetic geometry
Algebraic geometry,Calculus
Algebraic geometry,Category theory
Algebraic geometry,Category:Fields of mathematics
Algebraic geometry,Combinatorics
Algebraic geometry,Commutative algebra
Algebraic geometry,Complex analysis
Algebraic geometry,Computational complexity theory
Algebraic geometry,Computational geometry
Algebraic geometry,Computational mathematics
Algebraic geometry,Computer algebra
Algebraic geometry,Computer science
Algebraic geometry,Continuous function
Algebraic geometry,Control theory
Algebraic geometry,Discrete mathematics
Algebraic graph theory,Algebra
Algebraic graph theory,Alternating group
Algebraic graph theory,Combinatorics
Algebraic number theory,Abstract algebra
Algebraic number theory,Algebraic geometry
Algebraic number theory,Algebraic structure
Algebraic number theory,Analytic number theory
Algebraic number theory,Arithmetic
Algebraic number theory,Arithmetic geometry
Algebraic number theory,Clifford algebra
Algebraic number theory,Commutative algebra
Algebraic number theory,Computational number theory
Algebraic structure,Abstract algebra
Algebraic structure,Affine space
Algebraic structure,Algebra
Algebraic structure,Algebraic geometry
Algebraic structure,Algebraic number theory
Algebraic structure,Algebraic variety
Algebraic structure,Category theory
Algebraic structure,Commutative algebra
Algebraic structures,Abstract algebra
Algebraic structures,Affine space
Algebraic structures,Algebra
Algebraic structures,Algebraic geometry
Algebraic structures,Algebraic number theory
Algebraic structures,Algebraic variety
Algebraic structures,Category theory
Algebraic structures,Commutative algebra
Algebraic topology,Abstract algebra
Algebraic topology,Algebraic structure
Algebraic topology,Category theory
Algebraic topology,Combinatorial topology
Algebraic topology,Continuous function
Algebraic variety,Affine space
Algebraic variety,Algebra
Algebraic variety,Algebraic geometry
Algorithm,Alan Turing
Algorithm,Alan Turing: The Enigma
Algorithm,Algebra of physical space
Algorithm,Algebraic structures
Algorithm,Algorithm design
Algorithm,Analysis of algorithms
Algorithm,Analytical mechanics
Algorithm,Andrew Hodges
Algorithm,Applied mathematics
Algorithm,Approximation theory
Algorithm,Arithmetic
Algorithm,Association for Computing Machinery
Algorithm,Automata theory
Algorithm,Automated theorem proving
Algorithm,Bosonic string theory
Algorithm,Calculus of variations
Algorithm,Category:Mathematics
Algorithm,Chaos theory
Algorithm,Classical field theory
Algorithm,Clifford algebra
Algorithm,Clifford analysis
Algorithm,Coding theory
Algorithm,Combinatorics
Algorithm,Computational complexity theory
Algorithm,Computational geometry
Algorithm,Computational mathematics
Algorithm,Computational number theory
Algorithm,Computational statistics
Algorithm,Computer algebra
Algorithm,Computer science
Algorithm,Conformal field theory
Algorithm,Constraint programming
Algorithm,Constraint satisfaction problem
Algorithm,Control theory
Algorithm,Cryptanalysis
Algorithm,Cryptography
Algorithm,Discrete mathematics
Algorithm design,Alan Turing
Algorithm design,Alan Turing: The Enigma
Algorithm design,Algebra of physical space
Algorithm design,Algebraic structures
Algorithm design,Algorithm design
Algorithm design,Analysis of algorithms
Algorithm design,Analytical mechanics
Algorithm design,Andrew Hodges
Algorithm design,Applied mathematics
Algorithm design,Approximation theory
Algorithm design,Arithmetic
Algorithm design,Association for Computing Machinery
Algorithm design,Automata theory
Algorithm design,Automated theorem proving
Algorithm design,Bosonic string theory
Algorithm design,Calculus of variations
Algorithm design,Category:Mathematics
Algorithm design,Chaos theory
Algorithm design,Classical field theory
Algorithm design,Clifford algebra
Algorithm design,Clifford analysis
Algorithm design,Coding theory
Algorithm design,Combinatorics
Algorithm design,Computational complexity theory
Algorithm design,Computational geometry
Algorithm design,Computational mathematics
Algorithm design,Computational number theory
Algorithm design,Computational statistics
Algorithm design,Computer algebra
Algorithm design,Computer science
Algorithm design,Conformal field theory
Algorithm design,Constraint programming
Algorithm design,Constraint satisfaction problem
Algorithm design,Control theory
Algorithm design,Cryptanalysis
Algorithm design,Cryptography
Algorithm design,Discrete mathematics
Alternating group,Algebraic structure
Analog coding,Algebra of physical space
Analog coding,Algebraic structures
Analog coding,Algorithm
Analog coding,Algorithm design
Analog coding,Analog signal
Analog coding,Analysis of algorithms
Analog coding,Analytical mechanics
Analog coding,Applied mathematics
Analog coding,Approximation theory
Analog coding,Automata theory
Analog coding,Automated theorem proving
Analog coding,Bosonic string theory
Analog coding,Calculus of variations
Analog coding,Category:Mathematics
Analog coding,Chaos theory
Analog coding,Classical field theory
Analog coding,Clifford algebra
Analog coding,Clifford analysis
Analog coding,Combinatorics
Analog coding,Computational geometry
Analog coding,Computational mathematics
Analog coding,Computational number theory
Analog coding,Computational statistics
Analog coding,Computer algebra
Analog coding,Computer science
Analog coding,Conformal field theory
Analog coding,Constraint programming
Analog coding,Constraint satisfaction problem
Analog coding,Control theory
Analog coding,Cryptography
Analog coding,Discrete mathematics
Analog encryption,Algebra of physical space
Analog encryption,Algebraic structures
Analog encryption,Algorithm
Analog encryption,Algorithm design
Analog encryption,Analog signal
Analog encryption,Analysis of algorithms
Analog encryption,Analytical mechanics
Analog encryption,Applied mathematics
Analog encryption,Approximation theory
Analog encryption,Automata theory
Analog encryption,Automated theorem proving
Analog encryption,Bosonic string theory
Analog encryption,Calculus of variations
Analog encryption,Category:Mathematics
Analog encryption,Chaos theory
Analog encryption,Classical field theory
Analog encryption,Clifford algebra
Analog encryption,Clifford analysis
Analog encryption,Combinatorics
Analog encryption,Computational geometry
Analog encryption,Computational mathematics
Analog encryption,Computational number theory
Analog encryption,Computational statistics
Analog encryption,Computer algebra
Analog encryption,Computer science
Analog encryption,Conformal field theory
Analog encryption,Constraint programming
Analog encryption,Constraint satisfaction problem
Analog encryption,Control theory
Analog encryption,Cryptography
Analog encryption,Discrete mathematics
Analysis,Complex analysis
Analysis,Computational linguistics
Analysis,Cryptanalysis
Analysis (mathematics),Abstract algebra
Analysis (mathematics),Algebra
Analysis (mathematics),Algebra of physical space
Analysis (mathematics),Algebraic geometry
Analysis (mathematics),Algebraic number theory
Analysis (mathematics),Algebraic structures
Analysis (mathematics),Algebraic topology
Analysis (mathematics),Algorithm
Analysis (mathematics),Algorithm design
Analysis (mathematics),Analysis of algorithms
Analysis (mathematics),Analytic combinatorics
Analysis (mathematics),Analytic geometry
Analysis (mathematics),Analytic number theory
Analysis (mathematics),Analytical mechanics
Analysis (mathematics),Applied mathematics
Analysis (mathematics),Approximation theory
Analysis (mathematics),Areas of mathematics
Analysis (mathematics),Arithmetic
Analysis (mathematics),Arithmetic geometry
Analysis (mathematics),Automata theory
Analysis (mathematics),Automated theorem proving
Analysis (mathematics),Bosonic string theory
Analysis (mathematics),Calculus
Analysis (mathematics),Calculus of variations
Analysis (mathematics),Category theory
Analysis (mathematics),Category:Fields of mathematics
Analysis (mathematics),Category:Mathematics
Analysis (mathematics),Chaos theory
Analysis (mathematics),Classical field theory
Analysis (mathematics),Clifford algebra
Analysis (mathematics),Clifford analysis
Analysis (mathematics),Coding theory
Analysis (mathematics),Combinatorics
Analysis (mathematics),Commutative algebra
Analysis (mathematics),Complex analysis
Analysis (mathematics),Computational complexity theory
Analysis (mathematics),Computational geometry
Analysis (mathematics),Computational linguistics
Analysis (mathematics),Computational mathematics
Analysis (mathematics),Computational number theory
Analysis (mathematics),Computational statistics
Analysis (mathematics),Computer algebra
Analysis (mathematics),Computer science
Analysis (mathematics),Conformal field theory
Analysis (mathematics),Constraint programming
Analysis (mathematics),Constraint satisfaction problem
Analysis (mathematics),Continuous function
Analysis (mathematics),Control theory
Analysis (mathematics),Cryptography
Analysis (mathematics),Discrete mathematics
Analysis of algorithms,Algorithm
Analysis of algorithms,Algorithm design
Analysis of algorithms,Asymptotic analysis
Analysis of algorithms,Automata theory
Analysis of algorithms,Computational complexity theory
Analysis of algorithms,Computational geometry
Analysis of algorithms,Computational mathematics
Analysis of algorithms,Computer science
Analysis of algorithms,Control theory
Analysis of algorithms,Cryptography
Analysis of algorithms,Discrete mathematics
Analytic combinatorics,Asymptotic analysis
Analytic combinatorics,Complex analysis
Analytic geometry,Abstract algebra
Analytic geometry,Algebra
Analytic geometry,Algebraic geometry
Analytic geometry,Algebraic number theory
Analytic geometry,Algebraic topology
Analytic geometry,Analytic number theory
Analytic geometry,Applied mathematics
Analytic geometry,Arithmetic
Analytic geometry,Arithmetic geometry
Analytic geometry,Calculus
Analytic geometry,Category theory
Analytic geometry,Category:Fields of mathematics
Analytic geometry,Combinatorics
Analytic geometry,Commutative algebra
Analytic geometry,Complex analysis
Analytic geometry,Computational complexity theory
Analytic geometry,Computational geometry
Analytic geometry,Computational mathematics
Analytic geometry,Computer algebra
Analytic geometry,Computer science
Analytic geometry,Control theory
Analytic geometry,Discrete mathematics
Analytic number theory,Algebraic number theory
Analytic number theory,Arithmetic
Analytic number theory,Arithmetic geometry
Analytic number theory,Combinatorics
Analytic number theory,Computational number theory
Analytical mechanics,Algebra of physical space
Analytical mechanics,Algebraic structures
Analytical mechanics,Algorithm
Analytical mechanics,Algorithm design
Analytical mechanics,Analysis of algorithms
Analytical mechanics,Applied mathematics
Analytical mechanics,Approximation theory
Analytical mechanics,Automata theory
Analytical mechanics,Automated theorem proving
Analytical mechanics,Bosonic string theory
Analytical mechanics,Calculus of variations
Analytical mechanics,Category:Mathematics
Analytical mechanics,Chaos theory
Analytical mechanics,Classical field theory
Analytical mechanics,Clifford algebra
Analytical mechanics,Clifford analysis
Analytical mechanics,Coding theory
Analytical mechanics,Combinatorics
Analytical mechanics,Computational geometry
Analytical mechanics,Computational mathematics
Analytical mechanics,Computational number theory
Analytical mechanics,Computational statistics
Analytical mechanics,Computer algebra
Analytical mechanics,Conformal field theory
Analytical mechanics,Constraint programming
Analytical mechanics,Constraint satisfaction problem
Analytical mechanics,Control theory
Analytical mechanics,Cryptography
Analytical mechanics,Discrete mathematics
Andrew Hodges,Alan Turing
Andrew Hodges,Alan Turing: The Enigma
Applied mathematics,Abstract algebra
Applied mathematics,Algebra
Applied mathematics,Algebra of physical space
Applied mathematics,Algebraic geometry
Applied mathematics,Algebraic number theory
Applied mathematics,Algebraic structures
Applied mathematics,Algebraic topology
Applied mathematics,Algorithm
Applied mathematics,Algorithm design
Applied mathematics,Analysis of algorithms
Applied mathematics,Analytic geometry
Applied mathematics,Analytic number theory
Applied mathematics,Analytical mechanics
Applied mathematics,Approximation theory
Applied mathematics,Arithmetic
Applied mathematics,Arithmetic geometry
Applied mathematics,Asymptotic analysis
Applied mathematics,Automata theory
Applied mathematics,Automated theorem proving
Applied mathematics,Bosonic string theory
Applied mathematics,Calculus
Applied mathematics,Calculus of variations
Applied mathematics,Category theory
Applied mathematics,Category:Fields of mathematics
Applied mathematics,Category:Mathematics
Applied mathematics,Chaos theory
Applied mathematics,Classical field theory
Applied mathematics,Clifford algebra
Applied mathematics,Clifford analysis
Applied mathematics,Coding theory
Applied mathematics,Combinatorial design
Applied mathematics,Combinatorics
Applied mathematics,Commutative algebra
Applied mathematics,Complex analysis
Applied mathematics,Computational complexity theory
Applied mathematics,Computational geometry
Applied mathematics,Computational mathematics
Applied mathematics,Computational number theory
Applied mathematics,Computational statistics
Applied mathematics,Computer algebra
Applied mathematics,Computer science
Applied mathematics,Conformal field theory
Applied mathematics,Constraint programming
Applied mathematics,Constraint satisfaction problem
Applied mathematics,Control theory
Applied mathematics,Cryptography
Applied mathematics,Discrete mathematics
Approximation theory,Algebra of physical space
Approximation theory,Algebraic structures
Approximation theory,Algorithm
Approximation theory,Algorithm design
Approximation theory,Analysis of algorithms
Approximation theory,Analytical mechanics
Approximation theory,Applied mathematics
Approximation theory,Automata theory
Approximation theory,Automated theorem proving
Approximation theory,Bosonic string theory
Approximation theory,Calculus of variations
Approximation theory,Category:Mathematics
Approximation theory,Chaos theory
Approximation theory,Classical field theory
Approximation theory,Clifford algebra
Approximation theory,Clifford analysis
Approximation theory,Coding theory
Approximation theory,Combinatorics
Approximation theory,Computational geometry
Approximation theory,Computational mathematics
Approximation theory,Computational number theory
Approximation theory,Computational statistics
Approximation theory,Computer algebra
Approximation theory,Conformal field theory
Approximation theory,Constraint programming
Approximation theory,Constraint satisfaction problem
Approximation theory,Control theory
Approximation theory,Cryptography
Approximation theory,Discrete mathematics
Areas of mathematics,Abstract algebra
Areas of mathematics,Algebra
Areas of mathematics,Algebraic geometry
Areas of mathematics,Algebraic number theory
Areas of mathematics,Algebraic structure
Areas of mathematics,Algebraic topology
Areas of mathematics,Algorithm
Areas of mathematics,Analysis (mathematics)
Areas of mathematics,Analytic geometry
Areas of mathematics,Analytic number theory
Areas of mathematics,Applied mathematics
Areas of mathematics,Approximation theory
Areas of mathematics,Areas of mathematics
Areas of mathematics,Arithmetic
Areas of mathematics,Arithmetic geometry
Areas of mathematics,Calculus
Areas of mathematics,Category theory
Areas of mathematics,Category:Fields of mathematics
Areas of mathematics,Coding theory
Areas of mathematics,Combinatorics
Areas of mathematics,Commutative algebra
Areas of mathematics,Complex analysis
Areas of mathematics,Computational complexity theory
Areas of mathematics,Computational linguistics
Areas of mathematics,Computational mathematics
Areas of mathematics,Computer algebra
Areas of mathematics,Computer science
Areas of mathematics,Consistent
Areas of mathematics,Constraint programming
Areas of mathematics,Control theory
Areas of mathematics,Cryptography
Areas of mathematics,Discrete mathematics
Arithmetic,Abstract algebra
Arithmetic,Algebra
Arithmetic,Algebraic geometry
Arithmetic,Algebraic number theory
Arithmetic,Algebraic topology
Arithmetic,Algorithm
Arithmetic,Analytic geometry
Arithmetic,Analytic number theory
Arithmetic,Applied mathematics
Arithmetic,Arithmetic geometry
Arithmetic,Calculus
Arithmetic,Category theory
Arithmetic,Category:Fields of mathematics
Arithmetic,Combinatorics
Arithmetic,Commutative algebra
Arithmetic,Complex analysis
Arithmetic,Computational complexity theory
Arithmetic,Computational mathematics
Arithmetic,Computational number theory
Arithmetic,Computer algebra
Arithmetic,Computer science
Arithmetic,Control theory
Arithmetic,Cryptography
Arithmetic,Discrete mathematics
Arithmetic geometry,Abstract algebra
Arithmetic geometry,Algebra
Arithmetic geometry,Algebraic geometry
Arithmetic geometry,Algebraic number theory
Arithmetic geometry,Algebraic topology
Arithmetic geometry,Algebraic variety
Arithmetic geometry,Analytic geometry
Arithmetic geometry,Analytic number theory
Arithmetic geometry,Applied mathematics
Arithmetic geometry,Arithmetic
Arithmetic geometry,Calculus
Arithmetic geometry,Category theory
Arithmetic geometry,Category:Fields of mathematics
Arithmetic geometry,Combinatorics
Arithmetic geometry,Commutative algebra
Arithmetic geometry,Complex analysis
Arithmetic geometry,Computational complexity theory
Arithmetic geometry,Computational geometry
Arithmetic geometry,Computational mathematics
Arithmetic geometry,Computational number theory
Arithmetic geometry,Computer algebra
Arithmetic geometry,Computer science
Arithmetic geometry,Control theory
Arithmetic geometry,Discrete mathematics
Association for Computing Machinery,Computer science
Asymptotic analysis,Analysis of algorithms
Asymptotic analysis,Applied mathematics
Asymptotic analysis,Approximation theory
Asymptotic analysis,Computer science
Automata theory,Abstract algebra
Automata theory,Algebra of physical space
Automata theory,Algebraic structures
Automata theory,Algorithm
Automata theory,Algorithm design
Automata theory,Analysis of algorithms
Automata theory,Analytical mechanics
Automata theory,Applied mathematics
Automata theory,Approximation theory
Automata theory,Automata theory
Automata theory,Automated theorem proving
Automata theory,Bosonic string theory
Automata theory,Calculus of variations
Automata theory,Category:Mathematics
Automata theory,Chaos theory
Automata theory,Classical field theory
Automata theory,Clifford algebra
Automata theory,Clifford analysis
Automata theory,Coding theory
Automata theory,Combinatorics
Automata theory,Computational complexity theory
Automata theory,Computational geometry
Automata theory,Computational mathematics
Automata theory,Computational number theory
Automata theory,Computational statistics
Automata theory,Computer algebra
Automata theory,Computer science
Automata theory,Conformal field theory
Automata theory,Constraint programming
Automata theory,Constraint satisfaction problem
Automata theory,Control theory
Automata theory,Cryptography
Automata theory,Discrete mathematics
Automated theorem proving,Alan Turing
Automated theorem proving,Automata theory
Automated theorem proving,Bijection
Automated theorem proving,Cardinality
Automated theorem proving,Category theory
Automated theorem proving,Completeness (logic)
Automated theorem proving,Computability
Automated theorem proving,Computer science
Automated theorem proving,Consistency
Automated theorem proving,Countable set
Axioms,Abstract algebra
Axioms,Algebraic topology
Axioms,Arithmetic
Axioms,Automata theory
Axioms,Automated theorem proving
Axioms,Bijection
Axioms,Boolean algebra (logic)
Axioms,Cardinality
Axioms,Category theory
Axioms,Complex analysis
Axioms,Consistency
Axioms,Consistent
Axioms,Countable set
Bijection,Automata theory
Bijection,Automated theorem proving
Bijection,Cardinality
Bijection,Category theory
Bijection,Consistency
Bijection,Continuous function
Bijection,Countable set
Binary numeral system,ASCII
Binary numeral system,Algebra
Binary numeral system,Arithmetic
Binary numeral system,Boolean algebra (logic)
Bioinformatics,Algorithm
Bioinformatics,Algorithm design
Bioinformatics,Analysis of algorithms
Bioinformatics,Automata theory
Bioinformatics,Computational complexity theory
Bioinformatics,Computational geometry
Bioinformatics,Computational linguistics
Bioinformatics,Computational mathematics
Bioinformatics,Computer science
Bioinformatics,Control theory
Bioinformatics,Cryptography
Bioinformatics,Discrete mathematics
Bletchley Park,Alan Turing
Bletchley Park,Alan Turing: The Enigma
Bletchley Park,Andrew Hodges
Bletchley Park,Colossus computer
Bletchley Park,Cryptanalysis
Bojan Mohar,Algebraic graph theory
Bojan Mohar,Carsten Thomassen (mathematician)
Boolean algebra (logic),Abstract algebra
Boolean algebra (logic),Algebra
Boolean algebra (logic),Algebraic structure
Boolean algebra (logic),Algorithm
Boolean algebra (logic),Automata theory
Boolean algebra (logic),Automated theorem proving
Boolean algebra (logic),Axioms
Boolean algebra (logic),Bijection
Boolean algebra (logic),Cardinality
Boolean algebra (logic),Category theory
Boolean algebra (logic),Consistency
Boolean algebra (logic),Countable set
Bosonic string theory,Conformal field theory
Calculus,Abstract algebra
Calculus,Algebra
Calculus,Algebraic geometry
Calculus,Algebraic number theory
Calculus,Algebraic topology
Calculus,Analytic geometry
Calculus,Analytic number theory
Calculus,Applied mathematics
Calculus,Areas of mathematics
Calculus,Arithmetic
Calculus,Arithmetic geometry
Calculus,Calculus of finite differences
Calculus,Calculus of variations
Calculus,Category theory
Calculus,Category:Fields of mathematics
Calculus,Combinatorics
Calculus,Commutative algebra
Calculus,Complex analysis
Calculus,Computational complexity theory
Calculus,Computational linguistics
Calculus,Computational mathematics
Calculus,Computer algebra
Calculus,Computer science
Calculus,Continuous function
Calculus,Control theory
Calculus,Discrete mathematics
Calculus of finite differences,Calculus
Calculus of finite differences,Continuous function
Calculus of variations,Analytical mechanics
Calculus of variations,Calculus
Calculus of variations,Complex analysis
Calculus of variations,Continuous function
Cardinality,Automata theory
Cardinality,Automated theorem proving
Cardinality,Bijection
Cardinality,Category theory
Cardinality,Consistency
Cardinality,Countable set
Carsten Thomassen (mathematician),Discrete mathematics
Category theory,Abstract algebra
Category theory,Algebra
Category theory,Algebraic geometry
Category theory,Algebraic number theory
Category theory,Algebraic structure
Category theory,Algebraic topology
Category theory,Algorithm
Category theory,Algorithm design
Category theory,Analysis of algorithms
Category theory,Analytic geometry
Category theory,Analytic number theory
Category theory,Applied mathematics
Category theory,Arithmetic
Category theory,Arithmetic geometry
Category theory,Automata theory
Category theory,Calculus
Category theory,Category:Fields of mathematics
Category theory,Combinatorics
Category theory,Commutative algebra
Category theory,Complex analysis
Category theory,Computational complexity theory
Category theory,Computational geometry
Category theory,Computational mathematics
Category theory,Computer algebra
Category theory,Computer science
Category theory,Control theory
Category theory,Cryptography
Category theory,Discrete mathematics
Category:Fields of mathematics,Areas of mathematics
Chaos theory,Alan Turing
Chaos theory,Asymptotic analysis
Chaos theory,Computer science
Chaos theory,Continuous function
Chaos theory,Cryptography
Chaos theory,Discrete mathematics
Classical field theory,Algebra of physical space
Classical field theory,Algebraic structures
Classical field theory,Algorithm
Classical field theory,Algorithm design
Classical field theory,Analysis of algorithms
Classical field theory,Analytical mechanics
Classical field theory,Applied mathematics
Classical field theory,Approximation theory
Classical field theory,Automata theory
Classical field theory,Automated theorem proving
Classical field theory,Bosonic string theory
Classical field theory,Calculus of variations
Classical field theory,Category:Mathematics
Classical field theory,Chaos theory
Classical field theory,Clifford algebra
Classical field theory,Clifford analysis
Classical field theory,Coding theory
Classical field theory,Combinatorics
Classical field theory,Computational geometry
Classical field theory,Computational mathematics
Classical field theory,Computational number theory
Classical field theory,Computational statistics
Classical field theory,Computer algebra
Classical field theory,Conformal field theory
Classical field theory,Constraint programming
Classical field theory,Constraint satisfaction problem
Classical field theory,Control theory
Classical field theory,Cryptography
Classical field theory,Discrete mathematics
Clifford algebra,Algebra of physical space
Clifford algebra,Algebraic number theory
Clifford algebra,Algebraic structure
Clifford algebra,Algebraic structures
Clifford algebra,Algorithm
Clifford algebra,Algorithm design
Clifford algebra,Analysis of algorithms
Clifford algebra,Analytical mechanics
Clifford algebra,Applied mathematics
Clifford algebra,Approximation theory
Clifford algebra,Automata theory
Clifford algebra,Automated theorem proving
Clifford algebra,Bosonic string theory
Clifford algebra,Calculus of variations
Clifford algebra,Category:Mathematics
Clifford algebra,Chaos theory
Clifford algebra,Classical field theory
Clifford algebra,Clifford analysis
Clifford algebra,Coding theory
Clifford algebra,Combinatorics
Clifford algebra,Commutative algebra
Clifford algebra,Computational geometry
Clifford algebra,Computational mathematics
Clifford algebra,Computational number theory
Clifford algebra,Computational statistics
Clifford algebra,Computer algebra
Clifford algebra,Conformal field theory
Clifford algebra,Constraint programming
Clifford algebra,Constraint satisfaction problem
Clifford algebra,Control theory
Clifford algebra,Cryptography
Clifford algebra,Discrete mathematics
Clifford analysis,Algebra of physical space
Clifford analysis,Algebraic structures
Clifford analysis,Algorithm
Clifford analysis,Algorithm design
Clifford analysis,Analysis of algorithms
Clifford analysis,Analytical mechanics
Clifford analysis,Applied mathematics
Clifford analysis,Approximation theory
Clifford analysis,Automata theory
Clifford analysis,Automated theorem proving
Clifford analysis,Bosonic string theory
Clifford analysis,Calculus of variations
Clifford analysis,Category:Mathematics
Clifford analysis,Chaos theory
Clifford analysis,Classical field theory
Clifford analysis,Clifford algebra
Clifford analysis,Coding theory
Clifford analysis,Combinatorics
Clifford analysis,Complex analysis
Clifford analysis,Computational geometry
Clifford analysis,Computational mathematics
Clifford analysis,Computational number theory
Clifford analysis,Computational statistics
Clifford analysis,Computer algebra
Clifford analysis,Conformal field theory
Clifford analysis,Constraint programming
Clifford analysis,Constraint satisfaction problem
Clifford analysis,Control theory
Clifford analysis,Cryptography
Clifford analysis,Discrete mathematics
Coding theory,Algebra of physical space
Coding theory,Algebraic structures
Coding theory,Algorithm
Coding theory,Algorithm design
Coding theory,Analog signal
Coding theory,Analysis of algorithms
Coding theory,Analytical mechanics
Coding theory,Applied mathematics
Coding theory,Approximation theory
Coding theory,Automata theory
Coding theory,Automated theorem proving
Coding theory,Bosonic string theory
Coding theory,Calculus of variations
Coding theory,Category:Mathematics
Coding theory,Chaos theory
Coding theory,Classical field theory
Coding theory,Clifford algebra
Coding theory,Clifford analysis
Coding theory,Combinatorics
Coding theory,Computational geometry
Coding theory,Computational mathematics
Coding theory,Computational number theory
Coding theory,Computational statistics
Coding theory,Computer algebra
Coding theory,Computer science
Coding theory,Conformal field theory
Coding theory,Constraint programming
Coding theory,Constraint satisfaction problem
Coding theory,Control theory
Coding theory,Cryptography
Coding theory,Discrete mathematics
Colossus computer,Alan Turing
Colossus computer,Bletchley Park
Colossus computer,Boolean algebra (logic)
Colossus computer,Cryptanalysis
Combinations,Bijection
Combinations,Combinatorics
Combinatorial design,Algorithm design
Combinatorial design,Cardinality
Combinatorial design,Combinatorics
Combinatorial design,Cryptography
Combinatorial topology,Algebraic topology
Combinatorial topology,Category theory
Combinatorics,Abstract algebra
Combinatorics,Algebra
Combinatorics,Algebraic geometry
Combinatorics,Algebraic number theory
Combinatorics,Algebraic topology
Combinatorics,Algorithm
Combinatorics,Algorithm design
Combinatorics,Analysis
Combinatorics,Analysis of algorithms
Combinatorics,Analytic combinatorics
Combinatorics,Analytic geometry
Combinatorics,Analytic number theory
Combinatorics,Applied mathematics
Combinatorics,Areas of mathematics
Combinatorics,Arithmetic
Combinatorics,Arithmetic geometry
Combinatorics,Asymptotic analysis
Combinatorics,Automata theory
Combinatorics,Calculus
Combinatorics,Category theory
Combinatorics,Category:Fields of mathematics
Combinatorics,Coding theory
Combinatorics,Combinations
Combinatorics,Combinatorial design
Combinatorics,Combinatorial topology
Combinatorics,Commutative algebra
Combinatorics,Complex analysis
Combinatorics,Computational complexity theory
Combinatorics,Computational geometry
Combinatorics,Computational linguistics
Combinatorics,Computational mathematics
Combinatorics,Computer algebra
Combinatorics,Computer science
Combinatorics,Continuous graph
Combinatorics,Control theory
Combinatorics,Countable set
Combinatorics,Cryptography
Combinatorics,Discrete mathematics
Commutative algebra,Abstract algebra
Commutative algebra,Algebra
Commutative algebra,Algebraic geometry
Commutative algebra,Algebraic number theory
Commutative algebra,Algebraic structure
Commutative algebra,Algebraic topology
Commutative algebra,Analytic geometry
Commutative algebra,Analytic number theory
Commutative algebra,Applied mathematics
Commutative algebra,Arithmetic
Commutative algebra,Arithmetic geometry
Commutative algebra,Calculus
Commutative algebra,Category theory
Commutative algebra,Category:Fields of mathematics
Commutative algebra,Clifford algebra
Commutative algebra,Combinatorics
Commutative algebra,Complex analysis
Commutative algebra,Computational complexity theory
Commutative algebra,Computational mathematics
Commutative algebra,Computer algebra
Commutative algebra,Computer science
Commutative algebra,Control theory
Commutative algebra,Discrete mathematics
Completeness (logic),Automata theory
Completeness (logic),Automated theorem proving
Completeness (logic),Bijection
Completeness (logic),Cardinality
Completeness (logic),Category theory
Completeness (logic),Consistency
Completeness (logic),Countable set
Complex analysis,Algebraic geometry
Complex analysis,Analytic combinatorics
Complex analysis,Analytic number theory
Complex analysis,Applied mathematics
Complex analysis,Calculus
Complex analysis,Calculus of variations
Complex analysis,Continuous function
Complexity class,Algorithm
Complexity class,Computability
Complexity class,Computational complexity theory
Complexity class,Cryptography
Computability,Algorithm
Computability,Automata theory
Computability,Computational complexity theory
Computability,Computer science
Computational complexity theory,Alan Turing
Computational complexity theory,Algorithm
Computational complexity theory,Algorithm design
Computational complexity theory,Analysis of algorithms
Computational complexity theory,Automata theory
Computational complexity theory,Clay Mathematics Institute
Computational complexity theory,Combinatorics
Computational complexity theory,Complexity class
Computational complexity theory,Computational geometry
Computational complexity theory,Computational mathematics
Computational complexity theory,Computer science
Computational complexity theory,Control theory
Computational complexity theory,Cryptography
Computational complexity theory,Discrete mathematics
Computational geometry,Algebra of physical space
Computational geometry,Algebraic structures
Computational geometry,Algorithm
Computational geometry,Algorithm design
Computational geometry,Analysis of algorithms
Computational geometry,Analytical mechanics
Computational geometry,Applied mathematics
Computational geometry,Approximation theory
Computational geometry,Automata theory
Computational geometry,Automated theorem proving
Computational geometry,Bosonic string theory
Computational geometry,Calculus of variations
Computational geometry,Category:Mathematics
Computational geometry,Chaos theory
Computational geometry,Classical field theory
Computational geometry,Clifford algebra
Computational geometry,Clifford analysis
Computational geometry,Coding theory
Computational geometry,Combinatorics
Computational geometry,Computational complexity theory
Computational geometry,Computational mathematics
Computational geometry,Computational number theory
Computational geometry,Computational statistics
Computational geometry,Computer algebra
Computational geometry,Computer science
Computational geometry,Computer-aided design
Computational geometry,Conformal field theory
Computational geometry,Constraint programming
Computational geometry,Constraint satisfaction problem
Computational geometry,Control theory
Computational geometry,Cryptography
Computational geometry,Discrete mathematics
Computational linguistics,Algorithm
Computational linguistics,Algorithm design
Computational linguistics,Analysis of algorithms
Computational linguistics,Arithmetic
Computational linguistics,Automata theory
Computational linguistics,Computational complexity theory
Computational linguistics,Computational geometry
Computational linguistics,Computational mathematics
Computational linguistics,Computer science
Computational linguistics,Control theory
Computational linguistics,Cryptography
Computational linguistics,Discrete mathematics
Computational mathematics,Abstract algebra
Computational mathematics,Algebra
Computational mathematics,Algebra of physical space
Computational mathematics,Algebraic geometry
Computational mathematics,Algebraic number theory
Computational mathematics,Algebraic structures
Computational mathematics,Algebraic topology
Computational mathematics,Algorithm
Computational mathematics,Algorithm design
Computational mathematics,Analysis of algorithms
Computational mathematics,Analytic geometry
Computational mathematics,Analytic number theory
Computational mathematics,Analytical mechanics
Computational mathematics,Applied mathematics
Computational mathematics,Approximation theory
Computational mathematics,Areas of mathematics
Computational mathematics,Arithmetic
Computational mathematics,Arithmetic geometry
Computational mathematics,Automata theory
Computational mathematics,Automated theorem proving
Computational mathematics,Bosonic string theory
Computational mathematics,Calculus
Computational mathematics,Calculus of variations
Computational mathematics,Category theory
Computational mathematics,Category:Fields of mathematics
Computational mathematics,Category:Mathematics
Computational mathematics,Chaos theory
Computational mathematics,Classical field theory
Computational mathematics,Clifford algebra
Computational mathematics,Clifford analysis
Computational mathematics,Coding theory
Computational mathematics,Combinatorics
Computational mathematics,Commutative algebra
Computational mathematics,Complex analysis
Computational mathematics,Computational complexity theory
Computational mathematics,Computational geometry
Computational mathematics,Computational linguistics
Computational mathematics,Computational number theory
Computational mathematics,Computational statistics
Computational mathematics,Computer algebra
Computational mathematics,Computer science
Computational mathematics,Conformal field theory
Computational mathematics,Constraint programming
Computational mathematics,Constraint satisfaction problem
Computational mathematics,Control theory
Computational mathematics,Cryptography
Computational mathematics,Discrete mathematics
Computational number theory,Algebraic number theory
Computational number theory,Algorithm
Computational number theory,Analytic number theory
Computational number theory,Arithmetic
Computational number theory,Arithmetic geometry
Computational number theory,Computer science
Computational number theory,Cryptography
Computational statistics,Computational linguistics
Computational statistics,Computational mathematics
Computational statistics,Computer science
Computer algebra,Abstract algebra
Computer algebra,Algebra
Computer algebra,Algebraic geometry
Computer algebra,Algebraic number theory
Computer algebra,Algebraic topology
Computer algebra,Algorithm
Computer algebra,Algorithm design
Computer algebra,Analysis of algorithms
Computer algebra,Analytic geometry
Computer algebra,Analytic number theory
Computer algebra,Applied mathematics
Computer algebra,Arithmetic
Computer algebra,Arithmetic geometry
Computer algebra,Association for Computing Machinery
Computer algebra,Automata theory
Computer algebra,Calculus
Computer algebra,Category theory
Computer algebra,Category:Fields of mathematics
Computer algebra,Combinatorics
Computer algebra,Commutative algebra
Computer algebra,Complex analysis
Computer algebra,Computational complexity theory
Computer algebra,Computational geometry
Computer algebra,Computational mathematics
Computer algebra,Computer science
Computer algebra,Control theory
Computer algebra,Cryptography
Computer algebra,Discrete mathematics
Computer algorithm,Alan Turing
Computer algorithm,Alan Turing: The Enigma
Computer algorithm,Algebra of physical space
Computer algorithm,Algebraic structures
Computer algorithm,Algorithm design
Computer algorithm,Analysis of algorithms
Computer algorithm,Analytical mechanics
Computer algorithm,Andrew Hodges
Computer algorithm,Applied mathematics
Computer algorithm,Approximation theory
Computer algorithm,Arithmetic
Computer algorithm,Association for Computing Machinery
Computer algorithm,Automata theory
Computer algorithm,Automated theorem proving
Computer algorithm,Bosonic string theory
Computer algorithm,Calculus of variations
Computer algorithm,Category:Mathematics
Computer algorithm,Chaos theory
Computer algorithm,Classical field theory
Computer algorithm,Clifford algebra
Computer algorithm,Clifford analysis
Computer algorithm,Coding theory
Computer algorithm,Combinatorics
Computer algorithm,Computational complexity theory
Computer algorithm,Computational geometry
Computer algorithm,Computational mathematics
Computer algorithm,Computational number theory
Computer algorithm,Computational statistics
Computer algorithm,Computer algebra
Computer algorithm,Computer science
Computer algorithm,Conformal field theory
Computer algorithm,Constraint programming
Computer algorithm,Constraint satisfaction problem
Computer algorithm,Control theory
Computer algorithm,Cryptanalysis
Computer algorithm,Cryptography
Computer algorithm,Discrete mathematics
Computer graphics (computer science),Algorithm
Computer graphics (computer science),Algorithm design
Computer graphics (computer science),Analysis of algorithms
Computer graphics (computer science),Applied mathematics
Computer graphics (computer science),Association for Computing Machinery
Computer graphics (computer science),Automata theory
Computer graphics (computer science),Computational complexity theory
Computer graphics (computer science),Computational geometry
Computer graphics (computer science),Computational mathematics
Computer graphics (computer science),Computer science
Computer graphics (computer science),Control theory
Computer graphics (computer science),Cryptography
Computer graphics (computer science),Discrete mathematics
Computer image analysis,Computer science
Computer science,Alan Turing
Computer science,Algebra
Computer science,Algorithm
Computer science,Algorithm design
Computer science,Analysis of algorithms
Computer science,Applied mathematics
Computer science,Association for Computing Machinery
Computer science,Automata theory
Computer science,Automated theorem proving
Computer science,Bioinformatics
Computer science,Category theory
Computer science,Coding theory
Computer science,Computational complexity theory
Computer science,Computational geometry
Computer science,Computational linguistics
Computer science,Computational mathematics
Computer science,Computational statistics
Computer science,Computer graphics (computer science)
Computer science,Control theory
Computer science,Cryptography
Computer science,Discrete mathematics
Computer-aided design,Algorithm design
Computer-aided design,Computational geometry
Concrete Mathematics,Algorithm
Concrete Mathematics,Analysis of algorithms
Concrete Mathematics,Asymptotic analysis
Concrete Mathematics,Calculus
Concrete Mathematics,Computer science
Conformal field theory,Algebra of physical space
Conformal field theory,Algebraic structures
Conformal field theory,Algorithm
Conformal field theory,Algorithm design
Conformal field theory,Analysis of algorithms
Conformal field theory,Analytical mechanics
Conformal field theory,Applied mathematics
Conformal field theory,Approximation theory
Conformal field theory,Automata theory
Conformal field theory,Automated theorem proving
Conformal field theory,Bosonic string theory
Conformal field theory,Calculus of variations
Conformal field theory,Category:Mathematics
Conformal field theory,Chaos theory
Conformal field theory,Classical field theory
Conformal field theory,Clifford algebra
Conformal field theory,Clifford analysis
Conformal field theory,Coding theory
Conformal field theory,Combinatorics
Conformal field theory,Computational geometry
Conformal field theory,Computational mathematics
Conformal field theory,Computational number theory
Conformal field theory,Computational statistics
Conformal field theory,Computer algebra
Conformal field theory,Constraint programming
Conformal field theory,Constraint satisfaction problem
Conformal field theory,Control theory
Conformal field theory,Cryptography
Conformal field theory,Discrete mathematics
Consistency,Automata theory
Consistency,Automated theorem proving
Consistency,Bijection
Consistency,Cardinality
Consistency,Category theory
Consistency,Completeness (logic)
Consistency,Countable set
Consistent,Automata theory
Consistent,Automated theorem proving
Consistent,Bijection
Consistent,Cardinality
Consistent,Category theory
Consistent,Completeness (logic)
Consistent,Countable set
Constraint programming,Algorithm
Constraint programming,Automated theorem proving
Constraint programming,Computer science
Constraint programming,Consistency
Constraint programming,Constraint satisfaction problem
Constraint satisfaction problem,Algebra of physical space
Constraint satisfaction problem,Algebraic structures
Constraint satisfaction problem,Algorithm
Constraint satisfaction problem,Algorithm design
Constraint satisfaction problem,Analysis of algorithms
Constraint satisfaction problem,Analytical mechanics
Constraint satisfaction problem,Applied mathematics
Constraint satisfaction problem,Approximation theory
Constraint satisfaction problem,Association for Computing Machinery
Constraint satisfaction problem,Automata theory
Constraint satisfaction problem,Automated theorem proving
Constraint satisfaction problem,Bosonic string theory
Constraint satisfaction problem,Calculus of variations
Constraint satisfaction problem,Category:Mathematics
Constraint satisfaction problem,Chaos theory
Constraint satisfaction problem,Classical field theory
Constraint satisfaction problem,Clifford algebra
Constraint satisfaction problem,Clifford analysis
Constraint satisfaction problem,Coding theory
Constraint satisfaction problem,Combinatorics
Constraint satisfaction problem,Computational complexity theory
Constraint satisfaction problem,Computational geometry
Constraint satisfaction problem,Computational mathematics
Constraint satisfaction problem,Computational number theory
Constraint satisfaction problem,Computational statistics
Constraint satisfaction problem,Computer algebra
Constraint satisfaction problem,Conformal field theory
Constraint satisfaction problem,Constraint programming
Constraint satisfaction problem,Control theory
Constraint satisfaction problem,Cryptography
Constraint satisfaction problem,Discrete mathematics
Continuous function,Calculus
Continuous function,Calculus of variations
Continuous function,Category theory
Continuous function,Complex analysis
Continuous modelling,Applied mathematics
Control theory,Abstract algebra
Control theory,Algebra
Control theory,Algebraic geometry
Control theory,Algebraic number theory
Control theory,Algebraic topology
Control theory,Analytic geometry
Control theory,Analytic number theory
Control theory,Applied mathematics
Control theory,Arithmetic
Control theory,Arithmetic geometry
Control theory,Calculus
Control theory,Category theory
Control theory,Category:Fields of mathematics
Control theory,Combinatorics
Control theory,Commutative algebra
Control theory,Complex analysis
Control theory,Computational complexity theory
Control theory,Computational mathematics
Control theory,Computer algebra
Control theory,Computer science
Control theory,Discrete mathematics
Countable set,Algebra of physical space
Countable set,Automata theory
Countable set,Automated theorem proving
Countable set,Bijection
Countable set,Cardinality
Countable set,Category theory
Countable set,Clifford algebra
Countable set,Consistency
Cryptanalysis,Alan Turing
Cryptanalysis,Algorithm
Cryptanalysis,Bletchley Park
Cryptanalysis,Colossus computer
Cryptanalysis,Cryptography
Cryptography,Abstract algebra
Cryptography,Algorithm
Cryptography,Binary numeral system
Cryptography,Bletchley Park
Cryptography,Colossus computer
Cryptography,Combinatorics
Cryptography,Computational complexity theory
Cryptography,Computer science
Cryptography,Cryptanalysis
Data,Analysis
Data,Bioinformatics
Data,Computer science
